filename,split,spectral_label,kmeans_label,n_nodes,n_edges,cyclomatic,avg_degree,max_degree,n_endpoints,n_junctions,branching_ratio,total_length,avg_length,std_length,avg_tortuosity,node_density,components
pt_graph_0,train,0,0,27,23,0,1.7037037037037037,3.0,17,9,0.5294117647058824,23.0,1.0,0.0,1000000.0,0.0,4
pt_graph_1,train,0,0,47,49,4,2.0851063829787235,4.0,20,23,1.15,49.0,1.0,0.0,1000000.0,0.0,2
pt_graph_2,train,0,0,47,48,2,2.0425531914893615,3.0,20,22,1.1,48.0,1.0,0.0,1000000.0,0.0,1
pt_graph_3,train,0,0,43,40,2,1.8604651162790697,4.0,24,17,0.7083333333333334,40.0,1.0,0.0,1000000.0,0.0,5
pt_graph_4,train,0,0,43,38,1,1.7674418604651163,3.0,25,15,0.6,38.0,1.0,0.0,1000000.0,0.0,6
pt_graph_5,train,0,0,38,36,0,1.894736842105263,4.0,22,16,0.7272727272727273,36.0,1.0,0.0,1000000.0,0.0,2
pt_graph_6,train,2,1,84,81,2,1.9285714285714286,4.0,44,36,0.8181818181818182,81.0,1.0,0.0,1000000.0,0.0,5
pt_graph_7,train,2,1,82,78,2,1.9024390243902438,4.0,45,32,0.7111111111111111,78.0,1.0,0.0,1000000.0,0.0,6
pt_graph_8,train,1,1,133,127,2,1.9097744360902256,4.0,70,54,0.7714285714285715,127.0,1.0,0.0,1000000.0,0.0,8
pt_graph_9,train,1,1,128,122,3,1.90625,5.0,71,50,0.704225352112676,122.0,1.0,0.0,1000000.0,0.0,9
pt_graph_10,train,2,1,82,75,0,1.829268292682927,5.0,48,31,0.6458333333333334,75.0,1.0,0.0,1000000.0,0.0,7
pt_graph_11,train,0,0,14,14,1,2.0,3.0,7,7,1.0,14.0,1.0,0.0,1000000.0,0.0,1
pt_graph_12,train,0,0,15,15,2,2.0,3.0,6,6,1.0,15.0,1.0,0.0,1000000.0,0.0,2
pt_graph_13,train,0,2,12,8,0,1.3333333333333333,3.0,10,2,0.2,8.0,1.0,0.0,1000000.0,0.0,4
pt_graph_14,train,0,0,47,45,2,1.9148936170212767,3.0,25,21,0.84,45.0,1.0,0.0,1000000.0,0.0,4
pt_graph_15,train,0,0,22,20,1,1.8181818181818181,4.0,12,7,0.5833333333333334,20.0,1.0,0.0,1000000.0,0.0,3
pt_graph_16,train,0,0,19,17,1,1.7894736842105263,4.0,12,6,0.5,17.0,1.0,0.0,1000000.0,0.0,3
pt_graph_17,train,0,2,12,9,0,1.5,3.0,8,2,0.25,9.0,1.0,0.0,1000000.0,0.0,3
pt_graph_18,train,0,0,32,29,1,1.8125,4.0,17,9,0.5294117647058824,29.0,1.0,0.0,1000000.0,0.0,4
pt_graph_19,train,0,0,34,30,2,1.7647058823529411,4.0,19,10,0.5263157894736842,30.0,1.0,0.0,1000000.0,0.0,6
pt_graph_20,train,0,2,28,20,0,1.4285714285714286,3.0,17,5,0.29411764705882354,20.0,1.0,0.0,1000000.0,0.0,8
pt_graph_21,train,0,0,57,54,0,1.894736842105263,4.0,31,22,0.7096774193548387,54.0,1.0,0.0,1000000.0,0.0,3
pt_graph_22,train,2,1,81,77,0,1.9012345679012346,6.0,43,29,0.6744186046511628,77.0,1.0,0.0,1000000.0,0.0,4
pt_graph_23,train,1,1,139,134,3,1.9280575539568345,6.0,71,50,0.704225352112676,134.0,1.0,0.0,1000000.0,0.0,8
pt_graph_24,train,0,0,33,28,0,1.696969696969697,3.0,21,11,0.5238095238095238,28.0,1.0,0.0,1000000.0,0.0,5
pt_graph_25,train,2,1,102,92,0,1.803921568627451,4.0,57,35,0.6140350877192983,92.0,1.0,0.0,1000000.0,0.0,10
pt_graph_26,train,2,1,72,73,6,2.0277777777777777,5.0,38,31,0.8157894736842105,73.0,1.0,0.0,1000000.0,0.0,5
pt_graph_27,train,1,1,205,184,5,1.7951219512195122,4.0,109,61,0.5596330275229358,184.0,1.0,0.0,1000000.0,0.0,26
pt_graph_28,train,0,0,52,51,0,1.9615384615384615,4.0,26,23,0.8846153846153846,51.0,1.0,0.0,1000000.0,0.0,1
pt_graph_29,train,0,0,45,43,0,1.9111111111111112,3.0,23,19,0.8260869565217391,43.0,1.0,0.0,1000000.0,0.0,2
pt_graph_32,train,0,0,23,22,0,1.9130434782608696,4.0,13,10,0.7692307692307693,22.0,1.0,0.0,1000000.0,0.0,1
pt_graph_33,train,0,0,8,7,0,1.75,3.0,5,3,0.6,7.0,1.0,0.0,1000000.0,0.0,1
pt_graph_34,train,0,0,28,28,2,2.0,4.0,14,13,0.9285714285714286,28.0,1.0,0.0,1000000.0,0.0,2
pt_graph_35,train,0,0,26,25,0,1.9230769230769231,3.0,13,11,0.8461538461538461,25.0,1.0,0.0,1000000.0,0.0,1
pt_graph_36,train,0,0,41,42,3,2.048780487804878,4.0,19,20,1.0526315789473684,42.0,1.0,0.0,1000000.0,0.0,2
pt_graph_37,train,0,0,39,36,2,1.8461538461538463,4.0,22,15,0.6818181818181818,36.0,1.0,0.0,1000000.0,0.0,5
pt_graph_38,train,0,0,37,36,1,1.945945945945946,4.0,19,16,0.8421052631578947,36.0,1.0,0.0,1000000.0,0.0,2
pt_graph_39,train,0,0,31,33,3,2.129032258064516,4.0,12,15,1.25,33.0,1.0,0.0,1000000.0,0.0,1
pt_graph_40,train,2,1,83,85,6,2.0481927710843375,4.0,38,38,1.0,85.0,1.0,0.0,1000000.0,0.0,4
pt_graph_41,train,0,0,22,21,0,1.9090909090909092,3.0,12,10,0.8333333333333334,21.0,1.0,0.0,1000000.0,0.0,1
pt_graph_42,train,0,0,38,39,3,2.0526315789473686,3.0,17,19,1.1176470588235294,39.0,1.0,0.0,1000000.0,0.0,2
pt_graph_44,train,0,0,15,14,0,1.8666666666666667,3.0,8,6,0.75,14.0,1.0,0.0,1000000.0,0.0,1
pt_graph_45,train,0,0,34,32,0,1.8823529411764706,3.0,17,13,0.7647058823529411,32.0,1.0,0.0,1000000.0,0.0,2
pt_graph_46,train,0,0,52,49,0,1.8846153846153846,5.0,30,21,0.7,49.0,1.0,0.0,1000000.0,0.0,3
pt_graph_47,train,0,0,60,59,0,1.9666666666666666,4.0,32,26,0.8125,59.0,1.0,0.0,1000000.0,0.0,1
pt_graph_48,train,0,0,43,41,1,1.9069767441860466,4.0,23,18,0.782608695652174,41.0,1.0,0.0,1000000.0,0.0,3
pt_graph_49,train,0,0,25,24,0,1.92,4.0,14,11,0.7857142857142857,24.0,1.0,0.0,1000000.0,0.0,1
pt_graph_50,train,0,0,30,29,0,1.9333333333333333,4.0,16,13,0.8125,29.0,1.0,0.0,1000000.0,0.0,1
pt_graph_51,train,0,0,33,32,0,1.9393939393939394,3.0,17,15,0.8823529411764706,32.0,1.0,0.0,1000000.0,0.0,1
pt_graph_52,train,0,0,42,38,0,1.8095238095238095,3.0,25,17,0.68,38.0,1.0,0.0,1000000.0,0.0,4
pt_graph_53,train,0,0,27,25,0,1.8518518518518519,3.0,15,11,0.7333333333333333,25.0,1.0,0.0,1000000.0,0.0,2
pt_graph_54,train,0,0,12,11,0,1.8333333333333333,3.0,5,3,0.6,11.0,1.0,0.0,1000000.0,0.0,1
pt_graph_55,train,2,1,72,71,1,1.9722222222222223,4.0,37,32,0.8648648648648649,71.0,1.0,0.0,1000000.0,0.0,2
pt_graph_56,train,2,1,81,80,8,1.9753086419753085,6.0,42,34,0.8095238095238095,80.0,1.0,0.0,1000000.0,0.0,9
pt_graph_57,train,0,2,3,2,0,1.3333333333333333,2.0,2,0,0.0,2.0,1.0,0.0,1000000.0,0.0,1
pt_graph_58,train,0,2,20,16,0,1.6,3.0,14,6,0.42857142857142855,16.0,1.0,0.0,1000000.0,0.0,4
pt_graph_59,train,0,2,40,29,0,1.45,3.0,28,6,0.21428571428571427,29.0,1.0,0.0,1000000.0,0.0,11
pt_graph_60,train,0,0,12,11,0,1.8333333333333333,3.0,7,5,0.7142857142857143,11.0,1.0,0.0,1000000.0,0.0,1
pt_graph_61,train,0,2,6,3,0,1.0,1.0,6,0,0.0,3.0,1.0,0.0,1000000.0,0.0,3
pt_graph_62,train,0,2,14,8,0,1.1428571428571428,3.0,13,1,0.07692307692307693,8.0,1.0,0.0,1000000.0,0.0,6
pt_graph_63,train,0,2,10,6,0,1.2,3.0,9,1,0.1111111111111111,6.0,1.0,0.0,1000000.0,0.0,4
pt_graph_64,train,0,2,14,8,0,1.1428571428571428,2.0,12,0,0.0,8.0,1.0,0.0,1000000.0,0.0,6
pt_graph_65,train,0,1,54,62,11,2.2962962962962963,5.0,19,30,1.5789473684210527,62.0,1.0,0.0,1000000.0,0.0,3
pt_graph_66,train,0,0,31,32,2,2.064516129032258,3.0,14,16,1.1428571428571428,32.0,1.0,0.0,1000000.0,0.0,1
pt_graph_67,train,1,1,118,115,0,1.9491525423728813,4.0,62,54,0.8709677419354839,115.0,1.0,0.0,1000000.0,0.0,3
pt_graph_68,train,0,0,27,25,0,1.8518518518518519,3.0,15,11,0.7333333333333333,25.0,1.0,0.0,1000000.0,0.0,2
pt_graph_69,train,0,0,26,25,1,1.9230769230769231,4.0,14,11,0.7857142857142857,25.0,1.0,0.0,1000000.0,0.0,2
pt_graph_70,train,0,0,27,27,1,2.0,4.0,14,12,0.8571428571428571,27.0,1.0,0.0,1000000.0,0.0,1
pt_graph_71,train,0,0,37,36,0,1.945945945945946,4.0,20,17,0.85,36.0,1.0,0.0,1000000.0,0.0,1
pt_graph_72,train,0,0,24,22,0,1.8333333333333333,4.0,14,9,0.6428571428571429,22.0,1.0,0.0,1000000.0,0.0,2
pt_graph_73,train,0,2,5,4,0,1.6,3.0,3,1,0.3333333333333333,4.0,1.0,0.0,1000000.0,0.0,1
pt_graph_74,train,0,2,5,4,0,1.6,2.0,2,0,0.0,4.0,1.0,0.0,1000000.0,0.0,1
pt_graph_75,train,0,2,5,4,0,1.6,3.0,3,1,0.3333333333333333,4.0,1.0,0.0,1000000.0,0.0,1
pt_graph_76,train,0,2,13,11,0,1.6923076923076923,3.0,8,4,0.5,11.0,1.0,0.0,1000000.0,0.0,2
pt_graph_77,train,0,2,12,10,0,1.6666666666666667,3.0,7,3,0.42857142857142855,10.0,1.0,0.0,1000000.0,0.0,2
pt_graph_78,train,0,2,19,16,0,1.6842105263157894,3.0,11,5,0.45454545454545453,16.0,1.0,0.0,1000000.0,0.0,3
pt_graph_79,train,0,0,43,39,1,1.813953488372093,4.0,24,15,0.625,39.0,1.0,0.0,1000000.0,0.0,5
pt_graph_80,train,0,0,56,55,0,1.9642857142857142,4.0,29,26,0.896551724137931,55.0,1.0,0.0,1000000.0,0.0,1
pt_graph_81,train,0,0,25,23,0,1.84,3.0,14,10,0.7142857142857143,23.0,1.0,0.0,1000000.0,0.0,2
pt_graph_82,train,0,1,64,63,1,1.96875,4.0,34,30,0.8823529411764706,63.0,1.0,0.0,1000000.0,0.0,2
pt_graph_83,train,0,0,27,25,0,1.8518518518518519,3.0,15,11,0.7333333333333333,25.0,1.0,0.0,1000000.0,0.0,2
pt_graph_84,train,2,1,78,75,0,1.9230769230769231,4.0,43,34,0.7906976744186046,75.0,1.0,0.0,1000000.0,0.0,3
pt_graph_85,train,0,0,17,15,0,1.7647058823529411,4.0,10,5,0.5,15.0,1.0,0.0,1000000.0,0.0,2
pt_graph_86,train,0,2,23,16,0,1.391304347826087,4.0,18,3,0.16666666666666666,16.0,1.0,0.0,1000000.0,0.0,7
pt_graph_87,train,0,0,33,35,3,2.121212121212121,3.0,13,17,1.3076923076923077,35.0,1.0,0.0,1000000.0,0.0,1
pt_graph_88,train,0,0,33,34,2,2.0606060606060606,4.0,16,16,1.0,34.0,1.0,0.0,1000000.0,0.0,1
pt_graph_89,train,0,0,23,22,1,1.9130434782608696,3.0,11,9,0.8181818181818182,22.0,1.0,0.0,1000000.0,0.0,2
pt_graph_90,train,0,0,32,33,2,2.0625,3.0,13,15,1.1538461538461537,33.0,1.0,0.0,1000000.0,0.0,1
pt_graph_91,train,0,0,24,26,4,2.1666666666666665,3.0,7,11,1.5714285714285714,26.0,1.0,0.0,1000000.0,0.0,2
pt_graph_92,train,0,2,7,4,0,1.1428571428571428,2.0,6,0,0.0,4.0,1.0,0.0,1000000.0,0.0,3
pt_graph_93,train,0,2,8,5,0,1.25,3.0,7,1,0.14285714285714285,5.0,1.0,0.0,1000000.0,0.0,3
pt_graph_94,train,0,2,6,4,0,1.3333333333333333,3.0,5,1,0.2,4.0,1.0,0.0,1000000.0,0.0,2
pt_graph_95,train,0,0,17,16,1,1.8823529411764706,4.0,9,6,0.6666666666666666,16.0,1.0,0.0,1000000.0,0.0,2
pt_graph_96,train,0,0,19,16,1,1.6842105263157894,4.0,11,4,0.36363636363636365,16.0,1.0,0.0,1000000.0,0.0,4
pt_graph_97,train,0,2,18,14,0,1.5555555555555556,3.0,12,4,0.3333333333333333,14.0,1.0,0.0,1000000.0,0.0,4
pt_graph_98,train,1,1,118,120,4,2.0338983050847457,4.0,59,58,0.9830508474576272,120.0,1.0,0.0,1000000.0,0.0,2
pt_graph_99,train,2,1,81,86,6,2.123456790123457,4.0,38,41,1.0789473684210527,86.0,1.0,0.0,1000000.0,0.0,1
pt_graph_100,train,0,0,20,19,0,1.9,4.0,11,8,0.7272727272727273,19.0,1.0,0.0,1000000.0,0.0,1
pt_graph_101,train,0,0,19,18,0,1.894736842105263,3.0,10,8,0.8,18.0,1.0,0.0,1000000.0,0.0,1
pt_graph_102,train,0,2,8,7,0,1.75,3.0,4,2,0.5,7.0,1.0,0.0,1000000.0,0.0,1
pt_graph_103,train,0,0,19,17,2,1.7894736842105263,4.0,11,5,0.45454545454545453,17.0,1.0,0.0,1000000.0,0.0,4
pt_graph_104,train,0,0,19,17,2,1.7894736842105263,4.0,11,5,0.45454545454545453,17.0,1.0,0.0,1000000.0,0.0,4
pt_graph_105,train,0,0,19,17,2,1.7894736842105263,4.0,11,5,0.45454545454545453,17.0,1.0,0.0,1000000.0,0.0,4
pt_graph_106,train,0,2,23,14,0,1.2173913043478262,3.0,17,1,0.058823529411764705,14.0,1.0,0.0,1000000.0,0.0,9
pt_graph_107,train,0,0,22,21,0,1.9090909090909092,3.0,10,8,0.8,21.0,1.0,0.0,1000000.0,0.0,1
pt_graph_108,train,0,2,14,12,0,1.7142857142857142,3.0,8,4,0.5,12.0,1.0,0.0,1000000.0,0.0,2
pt_graph_109,train,0,0,32,31,5,1.9375,4.0,18,14,0.7777777777777778,31.0,1.0,0.0,1000000.0,0.0,6
pt_graph_110,train,0,0,40,36,5,1.8,4.0,25,13,0.52,36.0,1.0,0.0,1000000.0,0.0,9
pt_graph_111,train,0,0,30,30,5,2.0,4.0,16,14,0.875,30.0,1.0,0.0,1000000.0,0.0,5
pt_graph_112,train,0,0,45,38,4,1.6888888888888889,4.0,30,13,0.43333333333333335,38.0,1.0,0.0,1000000.0,0.0,11
pt_graph_113,train,0,1,61,47,3,1.540983606557377,4.0,37,14,0.3783783783783784,47.0,1.0,0.0,1000000.0,0.0,17
pt_graph_114,train,0,0,9,8,0,1.7777777777777777,3.0,5,3,0.6,8.0,1.0,0.0,1000000.0,0.0,1
pt_graph_115,train,0,0,12,11,0,1.8333333333333333,3.0,4,2,0.5,11.0,1.0,0.0,1000000.0,0.0,1
pt_graph_116,train,0,0,12,12,1,2.0,3.0,3,3,1.0,12.0,1.0,0.0,1000000.0,0.0,1
pt_graph_117,train,0,0,13,13,1,2.0,3.0,5,5,1.0,13.0,1.0,0.0,1000000.0,0.0,1
pt_graph_118,train,0,0,9,8,0,1.7777777777777777,3.0,5,3,0.6,8.0,1.0,0.0,1000000.0,0.0,1
pt_graph_119,train,0,0,16,15,1,1.875,3.0,9,7,0.7777777777777778,15.0,1.0,0.0,1000000.0,0.0,2
pt_graph_120,train,0,0,21,20,1,1.9047619047619047,3.0,11,9,0.8181818181818182,20.0,1.0,0.0,1000000.0,0.0,2
pt_graph_121,train,0,2,25,17,0,1.36,3.0,19,3,0.15789473684210525,17.0,1.0,0.0,1000000.0,0.0,8
pt_graph_122,train,0,0,17,14,1,1.6470588235294117,4.0,12,5,0.4166666666666667,14.0,1.0,0.0,1000000.0,0.0,4
pt_graph_123,train,0,2,16,12,0,1.5,3.0,12,4,0.3333333333333333,12.0,1.0,0.0,1000000.0,0.0,4
pt_graph_124,train,0,0,18,17,0,1.8888888888888888,3.0,8,6,0.75,17.0,1.0,0.0,1000000.0,0.0,1
pt_graph_125,train,0,2,26,20,2,1.5384615384615385,3.0,19,7,0.3684210526315789,20.0,1.0,0.0,1000000.0,0.0,8
pt_graph_126,train,0,2,19,11,0,1.1578947368421053,3.0,17,1,0.058823529411764705,11.0,1.0,0.0,1000000.0,0.0,8
pt_graph_127,train,0,2,24,16,0,1.3333333333333333,3.0,18,4,0.2222222222222222,16.0,1.0,0.0,1000000.0,0.0,8
pt_graph_128,train,0,0,10,10,1,2.0,3.0,5,5,1.0,10.0,1.0,0.0,1000000.0,0.0,1
pt_graph_129,train,0,0,12,12,1,2.0,3.0,6,6,1.0,12.0,1.0,0.0,1000000.0,0.0,1
pt_graph_131,train,0,0,26,25,1,1.9230769230769231,4.0,15,11,0.7333333333333333,25.0,1.0,0.0,1000000.0,0.0,2
pt_graph_132,train,0,0,42,41,3,1.9523809523809523,5.0,23,17,0.7391304347826086,41.0,1.0,0.0,1000000.0,0.0,4
pt_graph_133,train,0,2,7,5,0,1.4285714285714286,3.0,5,1,0.2,5.0,1.0,0.0,1000000.0,0.0,2
pt_graph_134,train,0,2,4,2,0,1.0,1.0,4,0,0.0,2.0,1.0,0.0,1000000.0,0.0,2
pt_graph_135,train,0,0,14,15,3,2.142857142857143,4.0,8,6,0.75,15.0,1.0,0.0,1000000.0,0.0,2
pt_graph_136,train,0,2,9,8,0,1.7777777777777777,3.0,4,2,0.5,8.0,1.0,0.0,1000000.0,0.0,1
pt_graph_137,train,0,0,29,26,2,1.793103448275862,4.0,17,10,0.5882352941176471,26.0,1.0,0.0,1000000.0,0.0,5
pt_graph_138,train,0,2,11,7,0,1.2727272727272727,3.0,9,1,0.1111111111111111,7.0,1.0,0.0,1000000.0,0.0,4
pt_graph_139,train,0,2,9,6,0,1.3333333333333333,3.0,7,1,0.14285714285714285,6.0,1.0,0.0,1000000.0,0.0,3
pt_graph_140,train,0,2,12,7,0,1.1666666666666667,3.0,11,1,0.09090909090909091,7.0,1.0,0.0,1000000.0,0.0,5
pt_graph_141,train,0,2,9,7,0,1.5555555555555556,3.0,6,2,0.3333333333333333,7.0,1.0,0.0,1000000.0,0.0,2
pt_graph_142,train,0,2,9,7,0,1.5555555555555556,3.0,6,2,0.3333333333333333,7.0,1.0,0.0,1000000.0,0.0,2
pt_graph_143,train,0,2,5,4,0,1.6,3.0,3,1,0.3333333333333333,4.0,1.0,0.0,1000000.0,0.0,1
pt_graph_144,train,0,0,28,28,2,2.0,3.0,14,14,1.0,28.0,1.0,0.0,1000000.0,0.0,2
pt_graph_145,train,0,0,18,18,1,2.0,3.0,9,9,1.0,18.0,1.0,0.0,1000000.0,0.0,1
pt_graph_146,train,0,0,16,15,0,1.875,3.0,9,7,0.7777777777777778,15.0,1.0,0.0,1000000.0,0.0,1
pt_graph_147,train,0,0,17,16,0,1.8823529411764706,4.0,10,7,0.7,16.0,1.0,0.0,1000000.0,0.0,1
pt_graph_148,train,0,0,25,24,0,1.92,4.0,14,11,0.7857142857142857,24.0,1.0,0.0,1000000.0,0.0,1
pt_graph_149,train,0,2,15,12,0,1.6,3.0,10,4,0.4,12.0,1.0,0.0,1000000.0,0.0,3
pt_graph_150,train,0,0,17,15,0,1.7647058823529411,3.0,10,6,0.6,15.0,1.0,0.0,1000000.0,0.0,2
pt_graph_151,train,0,0,23,23,2,2.0,4.0,10,9,0.9,23.0,1.0,0.0,1000000.0,0.0,2
pt_graph_152,train,0,2,6,4,0,1.3333333333333333,3.0,5,1,0.2,4.0,1.0,0.0,1000000.0,0.0,2
pt_graph_153,train,0,2,6,4,0,1.3333333333333333,3.0,5,1,0.2,4.0,1.0,0.0,1000000.0,0.0,2
pt_graph_154,train,0,2,6,4,0,1.3333333333333333,3.0,5,1,0.2,4.0,1.0,0.0,1000000.0,0.0,2
pt_graph_156,train,0,0,8,8,1,2.0,3.0,4,4,1.0,8.0,1.0,0.0,1000000.0,0.0,1
pt_graph_157,train,0,0,10,10,1,2.0,3.0,5,5,1.0,10.0,1.0,0.0,1000000.0,0.0,1
pt_graph_158,train,0,0,10,10,1,2.0,3.0,5,5,1.0,10.0,1.0,0.0,1000000.0,0.0,1
pt_graph_159,train,0,2,6,3,0,1.0,1.0,6,0,0.0,3.0,1.0,0.0,1000000.0,0.0,3
pt_graph_160,train,0,0,14,14,1,2.0,4.0,7,6,0.8571428571428571,14.0,1.0,0.0,1000000.0,0.0,1
pt_graph_161,train,0,0,36,34,6,1.8888888888888888,4.0,21,14,0.6666666666666666,34.0,1.0,0.0,1000000.0,0.0,8
pt_graph_162,train,0,0,42,38,3,1.8095238095238095,4.0,26,16,0.6153846153846154,38.0,1.0,0.0,1000000.0,0.0,7
pt_graph_163,train,0,0,42,34,3,1.619047619047619,3.0,26,10,0.38461538461538464,34.0,1.0,0.0,1000000.0,0.0,11
pt_graph_164,train,0,2,31,18,0,1.1612903225806452,3.0,28,2,0.07142857142857142,18.0,1.0,0.0,1000000.0,0.0,13
pt_graph_165,train,0,2,12,7,0,1.1666666666666667,3.0,11,1,0.09090909090909091,7.0,1.0,0.0,1000000.0,0.0,5
pt_graph_166,train,0,2,14,8,0,1.1428571428571428,3.0,13,1,0.07692307692307693,8.0,1.0,0.0,1000000.0,0.0,6
pt_graph_167,train,0,2,5,3,0,1.2,2.0,4,0,0.0,3.0,1.0,0.0,1000000.0,0.0,2
pt_graph_168,train,0,0,12,11,0,1.8333333333333333,3.0,6,4,0.6666666666666666,11.0,1.0,0.0,1000000.0,0.0,1
pt_graph_169,train,0,0,13,12,0,1.8461538461538463,4.0,8,5,0.625,12.0,1.0,0.0,1000000.0,0.0,1
pt_graph_170,train,0,2,6,4,0,1.3333333333333333,3.0,5,1,0.2,4.0,1.0,0.0,1000000.0,0.0,2
pt_graph_171,train,0,2,4,2,0,1.0,1.0,4,0,0.0,2.0,1.0,0.0,1000000.0,0.0,2
pt_graph_172,train,0,2,4,3,0,1.5,3.0,3,1,0.3333333333333333,3.0,1.0,0.0,1000000.0,0.0,1
pt_graph_173,train,0,0,12,11,0,1.8333333333333333,3.0,7,5,0.7142857142857143,11.0,1.0,0.0,1000000.0,0.0,1
pt_graph_174,train,0,0,21,21,1,2.0,4.0,11,10,0.9090909090909091,21.0,1.0,0.0,1000000.0,0.0,1
pt_graph_175,train,0,0,29,29,3,2.0,4.0,15,12,0.8,29.0,1.0,0.0,1000000.0,0.0,3
pt_graph_176,train,0,0,24,25,3,2.0833333333333335,5.0,12,10,0.8333333333333334,25.0,1.0,0.0,1000000.0,0.0,2
pt_graph_177,train,0,0,19,20,2,2.1052631578947367,4.0,9,9,1.0,20.0,1.0,0.0,1000000.0,0.0,1
pt_graph_178,train,0,0,20,19,1,1.9,4.0,11,8,0.7272727272727273,19.0,1.0,0.0,1000000.0,0.0,2
pt_graph_179,train,0,2,11,9,0,1.6363636363636365,3.0,7,3,0.42857142857142855,9.0,1.0,0.0,1000000.0,0.0,2
pt_graph_180,train,0,2,4,3,0,1.5,3.0,3,1,0.3333333333333333,3.0,1.0,0.0,1000000.0,0.0,1
pt_graph_181,train,0,0,22,23,2,2.090909090909091,5.0,11,11,1.0,23.0,1.0,0.0,1000000.0,0.0,1
pt_graph_182,train,0,2,16,13,0,1.625,3.0,11,5,0.45454545454545453,13.0,1.0,0.0,1000000.0,0.0,3
pt_graph_183,train,0,0,14,13,0,1.8571428571428572,3.0,8,6,0.75,13.0,1.0,0.0,1000000.0,0.0,1
pt_graph_184,train,0,2,13,10,0,1.5384615384615385,3.0,9,3,0.3333333333333333,10.0,1.0,0.0,1000000.0,0.0,3
pt_graph_185,train,0,0,14,14,1,2.0,3.0,7,7,1.0,14.0,1.0,0.0,1000000.0,0.0,1
pt_graph_186,train,0,2,20,16,1,1.6,3.0,13,5,0.38461538461538464,16.0,1.0,0.0,1000000.0,0.0,5
pt_graph_187,train,0,0,23,20,1,1.7391304347826086,3.0,14,8,0.5714285714285714,20.0,1.0,0.0,1000000.0,0.0,4
pt_graph_188,train,0,0,14,13,0,1.8571428571428572,3.0,8,6,0.75,13.0,1.0,0.0,1000000.0,0.0,1
pt_graph_189,train,0,0,17,17,1,2.0,4.0,9,8,0.8888888888888888,17.0,1.0,0.0,1000000.0,0.0,1
pt_graph_190,train,0,0,17,17,1,2.0,4.0,9,8,0.8888888888888888,17.0,1.0,0.0,1000000.0,0.0,1
pt_graph_191,train,0,0,40,37,0,1.85,3.0,22,16,0.7272727272727273,37.0,1.0,0.0,1000000.0,0.0,3
pt_graph_192,train,0,0,20,18,0,1.8,3.0,12,8,0.6666666666666666,18.0,1.0,0.0,1000000.0,0.0,2
pt_graph_193,train,0,0,31,29,0,1.8709677419354838,3.0,17,13,0.7647058823529411,29.0,1.0,0.0,1000000.0,0.0,2
pt_graph_194,train,0,2,6,4,0,1.3333333333333333,3.0,5,1,0.2,4.0,1.0,0.0,1000000.0,0.0,2
pt_graph_195,train,0,0,15,14,0,1.8666666666666667,3.0,8,6,0.75,14.0,1.0,0.0,1000000.0,0.0,1
pt_graph_196,train,0,0,14,13,0,1.8571428571428572,3.0,8,6,0.75,13.0,1.0,0.0,1000000.0,0.0,1
pt_graph_197,train,0,0,9,8,0,1.7777777777777777,3.0,5,3,0.6,8.0,1.0,0.0,1000000.0,0.0,1
pt_graph_198,train,0,0,14,13,0,1.8571428571428572,3.0,7,5,0.7142857142857143,13.0,1.0,0.0,1000000.0,0.0,1
pt_graph_199,train,0,0,19,20,2,2.1052631578947367,5.0,9,9,1.0,20.0,1.0,0.0,1000000.0,0.0,1
pt_graph_200,train,0,0,15,13,0,1.7333333333333334,4.0,9,4,0.4444444444444444,13.0,1.0,0.0,1000000.0,0.0,2
pt_graph_201,train,0,0,30,31,2,2.066666666666667,3.0,14,16,1.1428571428571428,31.0,1.0,0.0,1000000.0,0.0,1
pt_graph_202,train,0,0,43,42,2,1.9534883720930232,4.0,22,19,0.8636363636363636,42.0,1.0,0.0,1000000.0,0.0,3
pt_graph_203,train,0,0,44,42,1,1.9090909090909092,4.0,24,18,0.75,42.0,1.0,0.0,1000000.0,0.0,3
pt_graph_204,train,0,1,59,59,2,2.0,4.0,30,29,0.9666666666666667,59.0,1.0,0.0,1000000.0,0.0,2
pt_graph_205,train,2,1,67,71,5,2.1194029850746268,4.0,28,35,1.25,71.0,1.0,0.0,1000000.0,0.0,1
pt_graph_206,train,0,0,45,46,2,2.0444444444444443,4.0,21,22,1.0476190476190477,46.0,1.0,0.0,1000000.0,0.0,1
pt_graph_207,train,0,0,31,31,1,2.0,4.0,16,15,0.9375,31.0,1.0,0.0,1000000.0,0.0,1
pt_graph_208,train,0,0,26,27,2,2.076923076923077,4.0,12,13,1.0833333333333333,27.0,1.0,0.0,1000000.0,0.0,1
pt_graph_209,train,0,0,36,35,1,1.9444444444444444,3.0,18,16,0.8888888888888888,35.0,1.0,0.0,1000000.0,0.0,2
pt_graph_210,train,0,0,25,24,0,1.92,3.0,13,11,0.8461538461538461,24.0,1.0,0.0,1000000.0,0.0,1
pt_graph_211,train,0,2,10,8,0,1.6,3.0,7,3,0.42857142857142855,8.0,1.0,0.0,1000000.0,0.0,2
pt_graph_212,train,0,0,28,25,0,1.7857142857142858,3.0,16,10,0.625,25.0,1.0,0.0,1000000.0,0.0,3
pt_graph_213,train,0,0,25,25,1,2.0,4.0,13,12,0.9230769230769231,25.0,1.0,0.0,1000000.0,0.0,1
pt_graph_214,train,0,0,27,23,0,1.7037037037037037,3.0,17,9,0.5294117647058824,23.0,1.0,0.0,1000000.0,0.0,4
pt_graph_215,train,0,0,40,36,0,1.8,4.0,24,15,0.625,36.0,1.0,0.0,1000000.0,0.0,4
pt_graph_216,train,0,2,14,9,0,1.2857142857142858,3.0,12,2,0.16666666666666666,9.0,1.0,0.0,1000000.0,0.0,5
pt_graph_217,train,0,0,25,22,1,1.76,4.0,16,9,0.5625,22.0,1.0,0.0,1000000.0,0.0,4
pt_graph_218,train,0,0,7,7,1,2.0,4.0,4,3,0.75,7.0,1.0,0.0,1000000.0,0.0,1
pt_graph_219,train,0,0,8,7,0,1.75,3.0,5,3,0.6,7.0,1.0,0.0,1000000.0,0.0,1
pt_graph_220,train,0,1,53,41,2,1.5471698113207548,4.0,38,13,0.34210526315789475,41.0,1.0,0.0,1000000.0,0.0,14
pt_graph_221,train,0,2,8,5,0,1.25,3.0,7,1,0.14285714285714285,5.0,1.0,0.0,1000000.0,0.0,3
pt_graph_222,train,0,2,8,5,0,1.25,3.0,7,1,0.14285714285714285,5.0,1.0,0.0,1000000.0,0.0,3
pt_graph_223,train,0,2,8,5,0,1.25,3.0,7,1,0.14285714285714285,5.0,1.0,0.0,1000000.0,0.0,3
pt_graph_224,train,0,2,6,4,0,1.3333333333333333,3.0,5,1,0.2,4.0,1.0,0.0,1000000.0,0.0,2
pt_graph_225,train,0,2,4,3,0,1.5,3.0,3,1,0.3333333333333333,3.0,1.0,0.0,1000000.0,0.0,1
pt_graph_227,train,0,2,4,2,0,1.0,1.0,4,0,0.0,2.0,1.0,0.0,1000000.0,0.0,2
pt_graph_228,train,0,2,4,2,0,1.0,1.0,4,0,0.0,2.0,1.0,0.0,1000000.0,0.0,2
pt_graph_229,train,0,2,8,4,0,1.0,1.0,8,0,0.0,4.0,1.0,0.0,1000000.0,0.0,4
pt_graph_230,train,0,2,10,5,0,1.0,1.0,10,0,0.0,5.0,1.0,0.0,1000000.0,0.0,5
pt_graph_231,train,0,2,8,5,0,1.25,2.0,6,0,0.0,5.0,1.0,0.0,1000000.0,0.0,3
pt_graph_232,train,0,2,6,4,0,1.3333333333333333,2.0,4,0,0.0,4.0,1.0,0.0,1000000.0,0.0,2
pt_graph_233,train,0,2,12,7,0,1.1666666666666667,2.0,10,0,0.0,7.0,1.0,0.0,1000000.0,0.0,5
pt_graph_234,train,0,2,14,7,0,1.0,1.0,14,0,0.0,7.0,1.0,0.0,1000000.0,0.0,7
pt_graph_235,train,0,2,18,9,0,1.0,1.0,18,0,0.0,9.0,1.0,0.0,1000000.0,0.0,9
pt_graph_236,train,0,2,14,7,0,1.0,1.0,14,0,0.0,7.0,1.0,0.0,1000000.0,0.0,7
pt_graph_237,train,0,2,10,6,0,1.2,3.0,9,1,0.1111111111111111,6.0,1.0,0.0,1000000.0,0.0,4
pt_graph_238,train,0,2,4,2,0,1.0,1.0,4,0,0.0,2.0,1.0,0.0,1000000.0,0.0,2
pt_graph_239,train,0,2,12,7,0,1.1666666666666667,3.0,11,1,0.09090909090909091,7.0,1.0,0.0,1000000.0,0.0,5
pt_graph_240,train,0,2,14,7,0,1.0,1.0,14,0,0.0,7.0,1.0,0.0,1000000.0,0.0,7
pt_graph_241,train,0,2,16,8,0,1.0,1.0,16,0,0.0,8.0,1.0,0.0,1000000.0,0.0,8
pt_graph_242,train,0,2,6,3,0,1.0,1.0,6,0,0.0,3.0,1.0,0.0,1000000.0,0.0,3
pt_graph_243,train,0,2,8,4,0,1.0,1.0,8,0,0.0,4.0,1.0,0.0,1000000.0,0.0,4
pt_graph_244,train,0,2,8,4,0,1.0,1.0,8,0,0.0,4.0,1.0,0.0,1000000.0,0.0,4
pt_graph_245,train,0,2,39,28,0,1.435897435897436,3.0,30,8,0.26666666666666666,28.0,1.0,0.0,1000000.0,0.0,11
pt_graph_246,train,0,2,12,8,0,1.3333333333333333,3.0,9,1,0.1111111111111111,8.0,1.0,0.0,1000000.0,0.0,4
pt_graph_247,train,0,2,15,12,0,1.6,3.0,10,4,0.4,12.0,1.0,0.0,1000000.0,0.0,3
pt_graph_250,train,0,2,4,3,0,1.5,3.0,3,1,0.3333333333333333,3.0,1.0,0.0,1000000.0,0.0,1
pt_graph_251,train,0,2,4,3,0,1.5,3.0,3,1,0.3333333333333333,3.0,1.0,0.0,1000000.0,0.0,1
pt_graph_254,train,0,2,4,3,0,1.5,3.0,3,1,0.3333333333333333,3.0,1.0,0.0,1000000.0,0.0,1
pt_graph_255,train,0,2,4,3,0,1.5,3.0,3,1,0.3333333333333333,3.0,1.0,0.0,1000000.0,0.0,1
pt_graph_256,train,0,2,6,3,0,1.0,1.0,6,0,0.0,3.0,1.0,0.0,1000000.0,0.0,3
pt_graph_257,train,0,2,4,2,0,1.0,1.0,4,0,0.0,2.0,1.0,0.0,1000000.0,0.0,2
pt_graph_258,train,0,2,20,12,0,1.2,3.0,18,2,0.1111111111111111,12.0,1.0,0.0,1000000.0,0.0,8
pt_graph_259,train,0,2,5,4,1,1.6,4.0,4,1,0.25,4.0,1.0,0.0,1000000.0,0.0,2
pt_graph_260,train,0,2,9,7,1,1.5555555555555556,4.0,7,2,0.2857142857142857,7.0,1.0,0.0,1000000.0,0.0,3
pt_graph_261,train,0,2,12,9,1,1.5,4.0,9,2,0.2222222222222222,9.0,1.0,0.0,1000000.0,0.0,4
pt_graph_262,train,0,2,13,9,0,1.3846153846153846,3.0,10,2,0.2,9.0,1.0,0.0,1000000.0,0.0,4
pt_graph_263,train,0,2,22,13,0,1.1818181818181819,3.0,20,2,0.1,13.0,1.0,0.0,1000000.0,0.0,9
pt_graph_264,train,0,0,19,16,1,1.6842105263157894,3.0,12,6,0.5,16.0,1.0,0.0,1000000.0,0.0,4
pt_graph_265,train,0,0,15,15,1,2.0,3.0,7,7,1.0,15.0,1.0,0.0,1000000.0,0.0,1
pt_graph_266,train,0,0,18,16,1,1.7777777777777777,3.0,11,7,0.6363636363636364,16.0,1.0,0.0,1000000.0,0.0,3
pt_graph_267,train,0,2,12,9,0,1.5,3.0,8,2,0.25,9.0,1.0,0.0,1000000.0,0.0,3
pt_graph_268,train,0,2,12,8,0,1.3333333333333333,2.0,8,0,0.0,8.0,1.0,0.0,1000000.0,0.0,4
pt_graph_269,train,0,2,8,6,0,1.5,3.0,5,1,0.2,6.0,1.0,0.0,1000000.0,0.0,2
pt_graph_270,train,0,2,6,5,1,1.6666666666666667,3.0,3,1,0.3333333333333333,5.0,1.0,0.0,1000000.0,0.0,2
pt_graph_271,train,0,2,28,22,1,1.5714285714285714,3.0,19,7,0.3684210526315789,22.0,1.0,0.0,1000000.0,0.0,7
pt_graph_272,train,0,0,29,25,0,1.7241379310344827,3.0,18,10,0.5555555555555556,25.0,1.0,0.0,1000000.0,0.0,4
pt_graph_273,train,0,0,14,12,0,1.7142857142857142,3.0,9,5,0.5555555555555556,12.0,1.0,0.0,1000000.0,0.0,2
pt_graph_274,train,0,0,14,12,0,1.7142857142857142,3.0,9,5,0.5555555555555556,12.0,1.0,0.0,1000000.0,0.0,2
pt_graph_275,train,0,2,12,8,0,1.3333333333333333,3.0,10,2,0.2,8.0,1.0,0.0,1000000.0,0.0,4
pt_graph_276,train,0,2,8,5,0,1.25,3.0,7,1,0.14285714285714285,5.0,1.0,0.0,1000000.0,0.0,3
pt_graph_277,train,0,0,20,19,1,1.9,3.0,10,8,0.8,19.0,1.0,0.0,1000000.0,0.0,2
pt_graph_278,train,0,0,18,17,0,1.8888888888888888,3.0,10,8,0.8,17.0,1.0,0.0,1000000.0,0.0,1
pt_graph_279,train,0,0,14,13,0,1.8571428571428572,3.0,8,6,0.75,13.0,1.0,0.0,1000000.0,0.0,1
pt_graph_280,train,0,2,12,10,0,1.6666666666666667,3.0,8,4,0.5,10.0,1.0,0.0,1000000.0,0.0,2
pt_graph_281,train,0,2,16,13,0,1.625,3.0,9,3,0.3333333333333333,13.0,1.0,0.0,1000000.0,0.0,3
pt_graph_282,train,0,2,21,17,0,1.619047619047619,3.0,13,5,0.38461538461538464,17.0,1.0,0.0,1000000.0,0.0,4
pt_graph_283,train,0,2,22,18,0,1.6363636363636365,3.0,13,5,0.38461538461538464,18.0,1.0,0.0,1000000.0,0.0,4
pt_graph_284,train,0,2,25,20,0,1.6,4.0,17,6,0.35294117647058826,20.0,1.0,0.0,1000000.0,0.0,5
pt_graph_285,train,0,0,23,19,0,1.6521739130434783,4.0,16,7,0.4375,19.0,1.0,0.0,1000000.0,0.0,4
pt_graph_286,train,0,0,24,21,1,1.75,4.0,13,6,0.46153846153846156,21.0,1.0,0.0,1000000.0,0.0,4
pt_graph_287,train,0,0,27,24,0,1.7777777777777777,3.0,16,10,0.625,24.0,1.0,0.0,1000000.0,0.0,3
pt_graph_288,train,0,0,29,24,0,1.6551724137931034,3.0,19,9,0.47368421052631576,24.0,1.0,0.0,1000000.0,0.0,5
pt_graph_289,train,0,2,6,3,0,1.0,1.0,6,0,0.0,3.0,1.0,0.0,1000000.0,0.0,3
pt_graph_290,train,0,2,4,2,0,1.0,1.0,4,0,0.0,2.0,1.0,0.0,1000000.0,0.0,2
pt_graph_292,train,0,1,45,38,6,1.6888888888888889,4.0,31,13,0.41935483870967744,38.0,1.0,0.0,1000000.0,0.0,13
pt_graph_293,train,0,0,49,45,4,1.836734693877551,4.0,28,18,0.6428571428571429,45.0,1.0,0.0,1000000.0,0.0,8
pt_graph_294,train,0,0,16,15,1,1.875,4.0,9,6,0.6666666666666666,15.0,1.0,0.0,1000000.0,0.0,2
pt_graph_295,train,0,2,12,6,0,1.0,1.0,12,0,0.0,6.0,1.0,0.0,1000000.0,0.0,6
pt_graph_296,train,0,2,7,6,0,1.7142857142857142,3.0,4,2,0.5,6.0,1.0,0.0,1000000.0,0.0,1
pt_graph_297,train,0,2,18,10,0,1.1111111111111112,3.0,17,1,0.058823529411764705,10.0,1.0,0.0,1000000.0,0.0,8
pt_graph_298,train,0,2,18,10,0,1.1111111111111112,3.0,17,1,0.058823529411764705,10.0,1.0,0.0,1000000.0,0.0,8
pt_graph_299,train,0,2,22,13,1,1.1818181818181819,3.0,20,2,0.1,13.0,1.0,0.0,1000000.0,0.0,10
pt_graph_0,test,0,0,43,40,0,1.8604651162790697,3.0,23,17,0.7391304347826086,40.0,1.0,0.0,1000000.0,0.0,3
pt_graph_1,test,1,1,120,110,1,1.8333333333333333,4.0,71,44,0.6197183098591549,110.0,1.0,0.0,1000000.0,0.0,11
pt_graph_2,test,2,1,108,99,3,1.8333333333333333,4.0,63,40,0.6349206349206349,99.0,1.0,0.0,1000000.0,0.0,12
pt_graph_3,test,1,1,162,121,3,1.4938271604938271,5.0,119,33,0.2773109243697479,121.0,1.0,0.0,1000000.0,0.0,44
pt_graph_4,test,2,1,76,76,2,2.0,5.0,34,32,0.9411764705882353,76.0,1.0,0.0,1000000.0,0.0,2
pt_graph_5,test,0,0,28,29,2,2.0714285714285716,4.0,10,10,1.0,29.0,1.0,0.0,1000000.0,0.0,1
pt_graph_6,test,0,0,24,23,0,1.9166666666666667,3.0,10,8,0.8,23.0,1.0,0.0,1000000.0,0.0,1
pt_graph_7,test,1,1,104,104,2,2.0,4.0,53,46,0.8679245283018868,104.0,1.0,0.0,1000000.0,0.0,2
pt_graph_8,test,1,1,106,105,2,1.9811320754716981,4.0,54,47,0.8703703703703703,105.0,1.0,0.0,1000000.0,0.0,3
pt_graph_9,test,0,0,39,36,1,1.8461538461538463,5.0,24,14,0.5833333333333334,36.0,1.0,0.0,1000000.0,0.0,4
pt_graph_10,test,0,2,24,16,0,1.3333333333333333,3.0,20,4,0.2,16.0,1.0,0.0,1000000.0,0.0,8
pt_graph_11,test,0,0,10,10,1,2.0,4.0,4,3,0.75,10.0,1.0,0.0,1000000.0,0.0,1
pt_graph_12,test,1,1,180,183,5,2.033333333333333,5.0,88,85,0.9659090909090909,183.0,1.0,0.0,1000000.0,0.0,2
pt_graph_13,test,2,1,79,77,2,1.9493670886075949,3.0,39,35,0.8974358974358975,77.0,1.0,0.0,1000000.0,0.0,4
pt_graph_14,test,1,1,111,108,3,1.945945945945946,4.0,57,47,0.8245614035087719,108.0,1.0,0.0,1000000.0,0.0,6
pt_graph_15,test,2,1,93,90,1,1.935483870967742,4.0,50,40,0.8,90.0,1.0,0.0,1000000.0,0.0,4
pt_graph_16,test,2,1,88,83,0,1.8863636363636365,4.0,51,36,0.7058823529411765,83.0,1.0,0.0,1000000.0,0.0,5
pt_graph_17,test,1,1,111,108,2,1.945945945945946,4.0,59,49,0.8305084745762712,108.0,1.0,0.0,1000000.0,0.0,5
pt_graph_18,test,2,1,89,80,3,1.797752808988764,4.0,52,33,0.6346153846153846,80.0,1.0,0.0,1000000.0,0.0,12
pt_graph_19,test,1,1,119,122,5,2.0504201680672267,3.0,53,59,1.1132075471698113,122.0,1.0,0.0,1000000.0,0.0,2
pt_graph_20,test,0,1,66,66,1,2.0,3.0,32,32,1.0,66.0,1.0,0.0,1000000.0,0.0,1
pt_graph_21,test,0,0,39,37,0,1.8974358974358974,4.0,21,16,0.7619047619047619,37.0,1.0,0.0,1000000.0,0.0,2
pt_graph_22,test,1,1,143,145,5,2.027972027972028,4.0,67,68,1.0149253731343284,145.0,1.0,0.0,1000000.0,0.0,3
pt_graph_23,test,2,1,73,73,2,2.0,4.0,33,34,1.0303030303030303,73.0,1.0,0.0,1000000.0,0.0,2
pt_graph_24,test,2,1,71,70,1,1.971830985915493,3.0,35,33,0.9428571428571428,70.0,1.0,0.0,1000000.0,0.0,2
pt_graph_25,test,0,0,50,49,1,1.96,3.0,22,20,0.9090909090909091,49.0,1.0,0.0,1000000.0,0.0,2
pt_graph_26,test,0,0,44,43,1,1.9545454545454546,3.0,21,19,0.9047619047619048,43.0,1.0,0.0,1000000.0,0.0,2
pt_graph_27,test,0,2,30,24,0,1.6,3.0,19,7,0.3684210526315789,24.0,1.0,0.0,1000000.0,0.0,6
pt_graph_28,test,2,1,63,65,5,2.0634920634920637,4.0,28,31,1.1071428571428572,65.0,1.0,0.0,1000000.0,0.0,3
pt_graph_29,test,0,0,9,10,2,2.2222222222222223,4.0,4,5,1.25,10.0,1.0,0.0,1000000.0,0.0,1
pt_graph_30,test,0,2,4,3,0,1.5,3.0,3,1,0.3333333333333333,3.0,1.0,0.0,1000000.0,0.0,1
pt_graph_32,test,0,2,28,14,0,1.0,1.0,28,0,0.0,14.0,1.0,0.0,1000000.0,0.0,14
pt_graph_33,test,0,2,13,11,0,1.6923076923076923,3.0,8,4,0.5,11.0,1.0,0.0,1000000.0,0.0,2
pt_graph_34,test,0,2,13,10,0,1.5384615384615385,3.0,9,3,0.3333333333333333,10.0,1.0,0.0,1000000.0,0.0,3
pt_graph_35,test,0,2,24,15,0,1.25,3.0,21,3,0.14285714285714285,15.0,1.0,0.0,1000000.0,0.0,9
pt_graph_36,test,0,0,19,20,2,2.1052631578947367,4.0,9,10,1.1111111111111112,20.0,1.0,0.0,1000000.0,0.0,1
pt_graph_37,test,0,0,36,35,1,1.9444444444444444,4.0,19,16,0.8421052631578947,35.0,1.0,0.0,1000000.0,0.0,2
pt_graph_38,test,0,0,45,42,1,1.8666666666666667,4.0,26,18,0.6923076923076923,42.0,1.0,0.0,1000000.0,0.0,4
pt_graph_39,test,2,1,75,73,3,1.9466666666666668,5.0,42,33,0.7857142857142857,73.0,1.0,0.0,1000000.0,0.0,5
pt_graph_40,test,0,2,10,6,0,1.2,3.0,9,1,0.1111111111111111,6.0,1.0,0.0,1000000.0,0.0,4
pt_graph_41,test,2,1,82,84,4,2.048780487804878,5.0,42,40,0.9523809523809523,84.0,1.0,0.0,1000000.0,0.0,2
pt_graph_42,test,0,1,64,61,1,1.90625,4.0,36,28,0.7777777777777778,61.0,1.0,0.0,1000000.0,0.0,4
pt_graph_43,test,0,0,33,34,2,2.0606060606060606,3.0,15,17,1.1333333333333333,34.0,1.0,0.0,1000000.0,0.0,1
pt_graph_44,test,0,0,45,44,1,1.9555555555555555,4.0,24,21,0.875,44.0,1.0,0.0,1000000.0,0.0,2
pt_graph_45,test,0,0,13,12,1,1.8461538461538463,3.0,7,5,0.7142857142857143,12.0,1.0,0.0,1000000.0,0.0,2
pt_graph_46,test,0,0,28,27,1,1.9285714285714286,4.0,14,11,0.7857142857142857,27.0,1.0,0.0,1000000.0,0.0,2
pt_graph_47,test,0,0,23,20,1,1.7391304347826086,4.0,13,6,0.46153846153846156,20.0,1.0,0.0,1000000.0,0.0,4
pt_graph_48,test,0,0,19,20,2,2.1052631578947367,4.0,9,9,1.0,20.0,1.0,0.0,1000000.0,0.0,1
pt_graph_49,test,0,0,7,7,1,2.0,4.0,3,2,0.6666666666666666,7.0,1.0,0.0,1000000.0,0.0,1
pt_graph_50,test,0,0,11,10,1,1.8181818181818181,4.0,5,2,0.4,10.0,1.0,0.0,1000000.0,0.0,2
pt_graph_51,test,0,2,5,3,0,1.2,2.0,4,0,0.0,3.0,1.0,0.0,1000000.0,0.0,2
pt_graph_52,test,0,0,10,9,0,1.8,3.0,6,4,0.6666666666666666,9.0,1.0,0.0,1000000.0,0.0,1
pt_graph_53,test,0,0,16,14,0,1.75,3.0,10,6,0.6,14.0,1.0,0.0,1000000.0,0.0,2
pt_graph_54,test,0,0,16,15,0,1.875,3.0,9,7,0.7777777777777778,15.0,1.0,0.0,1000000.0,0.0,1
pt_graph_55,test,2,1,81,74,1,1.8271604938271604,4.0,47,31,0.6595744680851063,74.0,1.0,0.0,1000000.0,0.0,8
pt_graph_56,test,0,0,58,45,0,1.5517241379310345,4.0,40,13,0.325,45.0,1.0,0.0,1000000.0,0.0,13
pt_graph_57,test,0,2,29,21,1,1.4482758620689655,3.0,21,5,0.23809523809523808,21.0,1.0,0.0,1000000.0,0.0,9
pt_graph_58,test,0,2,30,21,1,1.4,3.0,24,6,0.25,21.0,1.0,0.0,1000000.0,0.0,10
pt_graph_59,test,2,1,61,61,5,2.0,4.0,32,27,0.84375,61.0,1.0,0.0,1000000.0,0.0,5
pt_graph_60,test,2,1,67,67,4,2.0,4.0,35,30,0.8571428571428571,67.0,1.0,0.0,1000000.0,0.0,4
pt_graph_61,test,0,0,40,39,0,1.95,4.0,22,17,0.7727272727272727,39.0,1.0,0.0,1000000.0,0.0,1
pt_graph_62,test,2,1,84,74,1,1.7619047619047619,4.0,51,28,0.5490196078431373,74.0,1.0,0.0,1000000.0,0.0,11
pt_graph_63,test,2,1,91,83,2,1.8241758241758241,4.0,53,32,0.6037735849056604,83.0,1.0,0.0,1000000.0,0.0,10
pt_graph_64,test,0,1,62,55,2,1.7741935483870968,4.0,38,21,0.5526315789473685,55.0,1.0,0.0,1000000.0,0.0,9
pt_graph_65,test,2,1,81,67,1,1.654320987654321,4.0,51,24,0.47058823529411764,67.0,1.0,0.0,1000000.0,0.0,15
pt_graph_66,test,0,1,62,52,1,1.6774193548387097,4.0,41,19,0.4634146341463415,52.0,1.0,0.0,1000000.0,0.0,11
pt_graph_67,test,0,0,12,11,1,1.8333333333333333,5.0,8,4,0.5,11.0,1.0,0.0,1000000.0,0.0,2
pt_graph_68,test,0,2,4,2,0,1.0,1.0,4,0,0.0,2.0,1.0,0.0,1000000.0,0.0,2
pt_graph_69,test,0,2,4,3,0,1.5,3.0,3,1,0.3333333333333333,3.0,1.0,0.0,1000000.0,0.0,1
pt_graph_70,test,0,0,16,15,1,1.875,5.0,10,6,0.6,15.0,1.0,0.0,1000000.0,0.0,2
pt_graph_71,test,0,2,12,9,0,1.5,3.0,9,3,0.3333333333333333,9.0,1.0,0.0,1000000.0,0.0,3
pt_graph_72,test,0,2,15,12,0,1.6,3.0,9,5,0.5555555555555556,12.0,1.0,0.0,1000000.0,0.0,3
pt_graph_73,test,0,2,12,9,0,1.5,3.0,9,3,0.3333333333333333,9.0,1.0,0.0,1000000.0,0.0,3
pt_graph_74,test,0,2,8,5,0,1.25,3.0,7,1,0.14285714285714285,5.0,1.0,0.0,1000000.0,0.0,3
pt_graph_75,test,0,2,15,12,0,1.6,3.0,10,4,0.4,12.0,1.0,0.0,1000000.0,0.0,3
pt_graph_76,test,0,2,4,2,0,1.0,1.0,4,0,0.0,2.0,1.0,0.0,1000000.0,0.0,2
pt_graph_77,test,0,2,9,6,0,1.3333333333333333,3.0,7,1,0.14285714285714285,6.0,1.0,0.0,1000000.0,0.0,3
pt_graph_78,test,0,2,6,4,0,1.3333333333333333,3.0,5,1,0.2,4.0,1.0,0.0,1000000.0,0.0,2
pt_graph_80,test,0,0,8,7,0,1.75,3.0,5,3,0.6,7.0,1.0,0.0,1000000.0,0.0,1
pt_graph_81,test,0,0,49,48,0,1.9591836734693877,4.0,25,22,0.88,48.0,1.0,0.0,1000000.0,0.0,1
pt_graph_82,test,0,0,40,40,2,2.0,4.0,21,17,0.8095238095238095,40.0,1.0,0.0,1000000.0,0.0,2
pt_graph_83,test,0,0,49,47,0,1.9183673469387754,4.0,25,18,0.72,47.0,1.0,0.0,1000000.0,0.0,2
pt_graph_84,test,0,0,32,31,0,1.9375,3.0,17,15,0.8823529411764706,31.0,1.0,0.0,1000000.0,0.0,1
pt_graph_85,test,0,1,68,67,0,1.9705882352941178,4.0,34,30,0.8823529411764706,67.0,1.0,0.0,1000000.0,0.0,1
pt_graph_86,test,0,0,24,23,0,1.9166666666666667,3.0,13,11,0.8461538461538461,23.0,1.0,0.0,1000000.0,0.0,1
pt_graph_87,test,0,0,39,44,6,2.2564102564102564,4.0,15,20,1.3333333333333333,44.0,1.0,0.0,1000000.0,0.0,1
pt_graph_88,test,2,1,65,67,3,2.0615384615384613,5.0,34,30,0.8823529411764706,67.0,1.0,0.0,1000000.0,0.0,1
pt_graph_89,test,0,0,28,28,2,2.0,5.0,15,11,0.7333333333333333,28.0,1.0,0.0,1000000.0,0.0,2
pt_graph_90,test,0,0,28,28,2,2.0,5.0,15,11,0.7333333333333333,28.0,1.0,0.0,1000000.0,0.0,2
pt_graph_91,test,0,0,24,23,0,1.9166666666666667,4.0,14,10,0.7142857142857143,23.0,1.0,0.0,1000000.0,0.0,1
pt_graph_92,test,0,0,15,14,0,1.8666666666666667,4.0,9,6,0.6666666666666666,14.0,1.0,0.0,1000000.0,0.0,1
pt_graph_93,test,0,0,9,8,0,1.7777777777777777,3.0,5,3,0.6,8.0,1.0,0.0,1000000.0,0.0,1
pt_graph_94,test,0,0,14,14,1,2.0,4.0,7,6,0.8571428571428571,14.0,1.0,0.0,1000000.0,0.0,1
pt_graph_95,test,0,0,15,15,1,2.0,4.0,8,7,0.875,15.0,1.0,0.0,1000000.0,0.0,1
pt_graph_96,test,0,0,14,12,0,1.7142857142857142,3.0,9,5,0.5555555555555556,12.0,1.0,0.0,1000000.0,0.0,2
pt_graph_97,test,0,0,20,18,0,1.8,3.0,11,7,0.6363636363636364,18.0,1.0,0.0,1000000.0,0.0,2
pt_graph_98,test,0,0,20,18,0,1.8,3.0,11,7,0.6363636363636364,18.0,1.0,0.0,1000000.0,0.0,2
pt_graph_99,test,0,0,16,14,0,1.75,3.0,10,6,0.6,14.0,1.0,0.0,1000000.0,0.0,2
pt_graph_100,test,0,0,18,16,0,1.7777777777777777,3.0,10,6,0.6,16.0,1.0,0.0,1000000.0,0.0,2
pt_graph_101,test,0,2,21,12,0,1.1428571428571428,3.0,19,1,0.05263157894736842,12.0,1.0,0.0,1000000.0,0.0,9
pt_graph_102,test,0,2,17,14,0,1.6470588235294117,4.0,11,4,0.36363636363636365,14.0,1.0,0.0,1000000.0,0.0,3
pt_graph_103,test,0,0,11,10,0,1.8181818181818181,3.0,6,4,0.6666666666666666,10.0,1.0,0.0,1000000.0,0.0,1
pt_graph_104,test,0,2,4,3,0,1.5,3.0,3,1,0.3333333333333333,3.0,1.0,0.0,1000000.0,0.0,1
pt_graph_106,test,0,0,10,9,0,1.8,3.0,6,4,0.6666666666666666,9.0,1.0,0.0,1000000.0,0.0,1
pt_graph_107,test,0,2,29,22,0,1.5172413793103448,4.0,21,6,0.2857142857142857,22.0,1.0,0.0,1000000.0,0.0,7
pt_graph_108,test,0,2,25,18,0,1.44,4.0,19,4,0.21052631578947367,18.0,1.0,0.0,1000000.0,0.0,7
pt_graph_109,test,0,0,17,16,0,1.8823529411764706,4.0,9,5,0.5555555555555556,16.0,1.0,0.0,1000000.0,0.0,1
pt_graph_110,test,0,0,22,21,0,1.9090909090909092,3.0,11,9,0.8181818181818182,21.0,1.0,0.0,1000000.0,0.0,1
pt_graph_111,test,0,0,21,20,0,1.9047619047619047,3.0,11,9,0.8181818181818182,20.0,1.0,0.0,1000000.0,0.0,1
pt_graph_112,test,0,0,20,19,0,1.9,3.0,11,9,0.8181818181818182,19.0,1.0,0.0,1000000.0,0.0,1
pt_graph_113,test,0,0,27,27,1,2.0,4.0,14,13,0.9285714285714286,27.0,1.0,0.0,1000000.0,0.0,1
pt_graph_114,test,0,0,30,32,3,2.1333333333333333,4.0,14,16,1.1428571428571428,32.0,1.0,0.0,1000000.0,0.0,1
pt_graph_115,test,0,0,35,36,2,2.057142857142857,4.0,17,18,1.0588235294117647,36.0,1.0,0.0,1000000.0,0.0,1
pt_graph_116,test,0,0,35,34,1,1.9428571428571428,4.0,19,16,0.8421052631578947,34.0,1.0,0.0,1000000.0,0.0,2
pt_graph_117,test,0,0,38,38,1,2.0,4.0,20,17,0.85,38.0,1.0,0.0,1000000.0,0.0,1
pt_graph_118,test,0,2,26,20,0,1.5384615384615385,3.0,19,7,0.3684210526315789,20.0,1.0,0.0,1000000.0,0.0,6
pt_graph_120,test,0,0,44,46,3,2.090909090909091,4.0,20,21,1.05,46.0,1.0,0.0,1000000.0,0.0,1
pt_graph_121,test,0,0,36,36,1,2.0,4.0,18,16,0.8888888888888888,36.0,1.0,0.0,1000000.0,0.0,1
pt_graph_122,test,0,0,49,49,1,2.0,4.0,24,23,0.9583333333333334,49.0,1.0,0.0,1000000.0,0.0,1
pt_graph_123,test,0,2,4,3,0,1.5,3.0,3,1,0.3333333333333333,3.0,1.0,0.0,1000000.0,0.0,1
pt_graph_124,test,0,0,19,18,0,1.894736842105263,3.0,9,7,0.7777777777777778,18.0,1.0,0.0,1000000.0,0.0,1
pt_graph_125,test,0,0,22,24,3,2.1818181818181817,4.0,9,11,1.2222222222222223,24.0,1.0,0.0,1000000.0,0.0,1
pt_graph_127,test,0,2,6,5,0,1.6666666666666667,3.0,4,2,0.5,5.0,1.0,0.0,1000000.0,0.0,1
pt_graph_128,test,0,0,14,13,0,1.8571428571428572,3.0,8,6,0.75,13.0,1.0,0.0,1000000.0,0.0,1
pt_graph_129,test,0,2,6,5,0,1.6666666666666667,3.0,4,2,0.5,5.0,1.0,0.0,1000000.0,0.0,1
pt_graph_130,test,0,0,23,22,0,1.9130434782608696,4.0,13,10,0.7692307692307693,22.0,1.0,0.0,1000000.0,0.0,1
pt_graph_131,test,0,0,28,28,1,2.0,4.0,15,13,0.8666666666666667,28.0,1.0,0.0,1000000.0,0.0,1
pt_graph_132,test,0,0,14,13,1,1.8571428571428572,4.0,7,5,0.7142857142857143,13.0,1.0,0.0,1000000.0,0.0,2
pt_graph_133,test,0,2,6,5,0,1.6666666666666667,3.0,3,1,0.3333333333333333,5.0,1.0,0.0,1000000.0,0.0,1
pt_graph_134,test,0,2,35,20,1,1.1428571428571428,4.0,33,2,0.06060606060606061,20.0,1.0,0.0,1000000.0,0.0,16
pt_graph_135,test,0,2,14,10,0,1.4285714285714286,3.0,11,3,0.2727272727272727,10.0,1.0,0.0,1000000.0,0.0,4
pt_graph_136,test,0,0,18,17,0,1.8888888888888888,3.0,9,7,0.7777777777777778,17.0,1.0,0.0,1000000.0,0.0,1
pt_graph_137,test,0,2,38,23,0,1.2105263157894737,3.0,31,3,0.0967741935483871,23.0,1.0,0.0,1000000.0,0.0,15
pt_graph_138,test,0,2,33,24,0,1.4545454545454546,3.0,23,5,0.21739130434782608,24.0,1.0,0.0,1000000.0,0.0,9
pt_graph_139,test,0,0,28,25,1,1.7857142857142858,5.0,17,9,0.5294117647058824,25.0,1.0,0.0,1000000.0,0.0,4
pt_graph_140,test,0,2,21,17,0,1.619047619047619,3.0,14,6,0.42857142857142855,17.0,1.0,0.0,1000000.0,0.0,4
pt_graph_141,test,0,2,23,18,0,1.565217391304348,3.0,16,6,0.375,18.0,1.0,0.0,1000000.0,0.0,5
pt_graph_142,test,0,2,31,21,1,1.3548387096774193,4.0,26,5,0.19230769230769232,21.0,1.0,0.0,1000000.0,0.0,11
pt_graph_143,test,0,2,25,16,1,1.28,4.0,22,3,0.13636363636363635,16.0,1.0,0.0,1000000.0,0.0,10
pt_graph_144,test,0,2,18,10,0,1.1111111111111112,3.0,17,1,0.058823529411764705,10.0,1.0,0.0,1000000.0,0.0,8
pt_graph_145,test,0,2,42,32,0,1.5238095238095237,3.0,27,9,0.3333333333333333,32.0,1.0,0.0,1000000.0,0.0,10
pt_graph_146,test,0,2,17,12,0,1.411764705882353,3.0,13,3,0.23076923076923078,12.0,1.0,0.0,1000000.0,0.0,5
pt_graph_147,test,0,0,20,19,0,1.9,3.0,11,9,0.8181818181818182,19.0,1.0,0.0,1000000.0,0.0,1
pt_graph_148,test,0,2,15,9,0,1.2,3.0,13,1,0.07692307692307693,9.0,1.0,0.0,1000000.0,0.0,6
pt_graph_149,test,0,2,6,4,0,1.3333333333333333,3.0,5,1,0.2,4.0,1.0,0.0,1000000.0,0.0,2
pt_graph_150,test,0,2,26,19,0,1.4615384615384615,3.0,20,6,0.3,19.0,1.0,0.0,1000000.0,0.0,7
pt_graph_151,test,0,2,13,11,0,1.6923076923076923,3.0,8,4,0.5,11.0,1.0,0.0,1000000.0,0.0,2
pt_graph_152,test,0,0,47,42,0,1.7872340425531914,3.0,28,18,0.6428571428571429,42.0,1.0,0.0,1000000.0,0.0,5
pt_graph_153,test,0,0,36,33,2,1.8333333333333333,4.0,21,14,0.6666666666666666,33.0,1.0,0.0,1000000.0,0.0,5
pt_graph_154,test,0,0,19,18,2,1.894736842105263,4.0,11,8,0.7272727272727273,18.0,1.0,0.0,1000000.0,0.0,3
pt_graph_155,test,0,0,24,20,0,1.6666666666666667,3.0,16,8,0.5,20.0,1.0,0.0,1000000.0,0.0,4
pt_graph_156,test,0,2,9,7,0,1.5555555555555556,3.0,6,2,0.3333333333333333,7.0,1.0,0.0,1000000.0,0.0,2
pt_graph_157,test,0,2,16,9,0,1.125,3.0,15,1,0.06666666666666667,9.0,1.0,0.0,1000000.0,0.0,7
pt_graph_158,test,0,2,17,14,0,1.6470588235294117,3.0,11,5,0.45454545454545453,14.0,1.0,0.0,1000000.0,0.0,3
pt_graph_159,test,0,0,28,26,0,1.8571428571428572,3.0,16,12,0.75,26.0,1.0,0.0,1000000.0,0.0,2
pt_graph_160,test,0,0,26,26,1,2.0,3.0,13,13,1.0,26.0,1.0,0.0,1000000.0,0.0,1
pt_graph_161,test,0,0,15,14,0,1.8666666666666667,3.0,8,6,0.75,14.0,1.0,0.0,1000000.0,0.0,1
pt_graph_162,test,0,0,16,15,0,1.875,3.0,9,7,0.7777777777777778,15.0,1.0,0.0,1000000.0,0.0,1
pt_graph_163,test,0,0,12,11,0,1.8333333333333333,3.0,7,5,0.7142857142857143,11.0,1.0,0.0,1000000.0,0.0,1
pt_graph_164,test,0,0,14,13,0,1.8571428571428572,3.0,8,6,0.75,13.0,1.0,0.0,1000000.0,0.0,1
pt_graph_165,test,0,0,20,19,0,1.9,3.0,11,9,0.8181818181818182,19.0,1.0,0.0,1000000.0,0.0,1
pt_graph_166,test,0,0,27,27,1,2.0,4.0,14,13,0.9285714285714286,27.0,1.0,0.0,1000000.0,0.0,1
pt_graph_167,test,0,0,16,15,0,1.875,3.0,9,7,0.7777777777777778,15.0,1.0,0.0,1000000.0,0.0,1
pt_graph_168,test,0,2,17,13,0,1.5294117647058822,3.0,11,3,0.2727272727272727,13.0,1.0,0.0,1000000.0,0.0,4
pt_graph_169,test,2,1,77,78,2,2.0259740259740258,4.0,39,35,0.8974358974358975,78.0,1.0,0.0,1000000.0,0.0,1
pt_graph_170,test,2,1,85,86,2,2.023529411764706,4.0,42,39,0.9285714285714286,86.0,1.0,0.0,1000000.0,0.0,1
pt_graph_171,test,0,2,17,12,0,1.411764705882353,3.0,13,3,0.23076923076923078,12.0,1.0,0.0,1000000.0,0.0,5
pt_graph_172,test,0,2,32,25,0,1.5625,3.0,21,7,0.3333333333333333,25.0,1.0,0.0,1000000.0,0.0,7
pt_graph_173,test,0,1,61,55,3,1.8032786885245902,4.0,32,19,0.59375,55.0,1.0,0.0,1000000.0,0.0,9
pt_graph_174,test,0,2,3,2,0,1.3333333333333333,2.0,2,0,0.0,2.0,1.0,0.0,1000000.0,0.0,1
pt_graph_175,test,0,2,6,3,0,1.0,1.0,6,0,0.0,3.0,1.0,0.0,1000000.0,0.0,3
pt_graph_176,test,0,2,10,5,0,1.0,1.0,10,0,0.0,5.0,1.0,0.0,1000000.0,0.0,5
pt_graph_177,test,0,2,6,3,0,1.0,1.0,6,0,0.0,3.0,1.0,0.0,1000000.0,0.0,3
pt_graph_178,test,0,2,8,4,0,1.0,1.0,8,0,0.0,4.0,1.0,0.0,1000000.0,0.0,4
pt_graph_179,test,0,2,14,7,0,1.0,1.0,14,0,0.0,7.0,1.0,0.0,1000000.0,0.0,7
pt_graph_180,test,0,0,9,8,0,1.7777777777777777,3.0,5,3,0.6,8.0,1.0,0.0,1000000.0,0.0,1
pt_graph_181,test,0,2,6,5,0,1.6666666666666667,3.0,4,2,0.5,5.0,1.0,0.0,1000000.0,0.0,1
pt_graph_182,test,0,0,8,7,0,1.75,3.0,5,3,0.6,7.0,1.0,0.0,1000000.0,0.0,1
pt_graph_183,test,0,0,56,54,2,1.9285714285714286,3.0,30,26,0.8666666666666667,54.0,1.0,0.0,1000000.0,0.0,4
pt_graph_184,test,2,1,60,62,4,2.066666666666667,4.0,27,30,1.1111111111111112,62.0,1.0,0.0,1000000.0,0.0,2
pt_graph_185,test,2,1,73,74,2,2.0273972602739727,5.0,36,33,0.9166666666666666,74.0,1.0,0.0,1000000.0,0.0,1
pt_graph_186,test,0,0,49,44,0,1.7959183673469388,3.0,29,19,0.6551724137931034,44.0,1.0,0.0,1000000.0,0.0,5
pt_graph_187,test,0,0,57,56,0,1.9649122807017543,4.0,30,26,0.8666666666666667,56.0,1.0,0.0,1000000.0,0.0,1
pt_graph_188,test,0,0,40,39,0,1.95,4.0,22,18,0.8181818181818182,39.0,1.0,0.0,1000000.0,0.0,1
pt_graph_189,test,0,0,36,34,0,1.8888888888888888,4.0,21,15,0.7142857142857143,34.0,1.0,0.0,1000000.0,0.0,2
pt_graph_190,test,0,2,6,5,0,1.6666666666666667,3.0,4,2,0.5,5.0,1.0,0.0,1000000.0,0.0,1
pt_graph_191,test,0,2,9,6,0,1.3333333333333333,3.0,7,1,0.14285714285714285,6.0,1.0,0.0,1000000.0,0.0,3
pt_graph_192,test,0,2,11,7,0,1.2727272727272727,3.0,9,1,0.1111111111111111,7.0,1.0,0.0,1000000.0,0.0,4
pt_graph_193,test,0,2,4,3,0,1.5,3.0,3,1,0.3333333333333333,3.0,1.0,0.0,1000000.0,0.0,1
pt_graph_194,test,0,0,10,9,0,1.8,3.0,6,4,0.6666666666666666,9.0,1.0,0.0,1000000.0,0.0,1
pt_graph_195,test,0,2,21,16,0,1.5238095238095237,3.0,14,4,0.2857142857142857,16.0,1.0,0.0,1000000.0,0.0,5
pt_graph_196,test,0,2,10,6,0,1.2,3.0,9,1,0.1111111111111111,6.0,1.0,0.0,1000000.0,0.0,4
pt_graph_197,test,0,2,20,16,0,1.6,3.0,14,6,0.42857142857142855,16.0,1.0,0.0,1000000.0,0.0,4
pt_graph_198,test,2,1,71,59,0,1.6619718309859155,4.0,46,20,0.43478260869565216,59.0,1.0,0.0,1000000.0,0.0,12
pt_graph_199,test,2,1,94,87,0,1.851063829787234,4.0,50,33,0.66,87.0,1.0,0.0,1000000.0,0.0,7
pt_graph_200,test,0,0,51,42,0,1.6470588235294117,3.0,31,15,0.4838709677419355,42.0,1.0,0.0,1000000.0,0.0,9
pt_graph_201,test,0,0,41,36,2,1.7560975609756098,4.0,24,15,0.625,36.0,1.0,0.0,1000000.0,0.0,7
pt_graph_202,test,0,1,66,63,1,1.9090909090909092,4.0,36,29,0.8055555555555556,63.0,1.0,0.0,1000000.0,0.0,4
pt_graph_203,test,1,1,137,120,2,1.7518248175182483,4.0,86,47,0.5465116279069767,120.0,1.0,0.0,1000000.0,0.0,19
pt_graph_204,test,2,1,107,93,2,1.7383177570093458,4.0,66,36,0.5454545454545454,93.0,1.0,0.0,1000000.0,0.0,16
pt_graph_205,test,2,1,88,69,0,1.5681818181818181,4.0,60,20,0.3333333333333333,69.0,1.0,0.0,1000000.0,0.0,19
pt_graph_206,test,2,1,82,68,1,1.6585365853658536,4.0,55,24,0.43636363636363634,68.0,1.0,0.0,1000000.0,0.0,15
pt_graph_207,test,0,0,48,39,1,1.625,4.0,32,12,0.375,39.0,1.0,0.0,1000000.0,0.0,10
pt_graph_208,test,0,0,51,42,0,1.6470588235294117,3.0,33,15,0.45454545454545453,42.0,1.0,0.0,1000000.0,0.0,9
pt_graph_209,test,0,2,41,29,0,1.4146341463414633,3.0,32,8,0.25,29.0,1.0,0.0,1000000.0,0.0,12
pt_graph_210,test,0,1,65,51,0,1.5692307692307692,3.0,44,16,0.36363636363636365,51.0,1.0,0.0,1000000.0,0.0,14
pt_graph_211,test,0,0,55,50,0,1.8181818181818181,4.0,33,21,0.6363636363636364,50.0,1.0,0.0,1000000.0,0.0,5
pt_graph_212,test,0,2,21,14,0,1.3333333333333333,3.0,16,2,0.125,14.0,1.0,0.0,1000000.0,0.0,7
pt_graph_213,test,0,0,52,47,2,1.8076923076923077,4.0,33,19,0.5757575757575758,47.0,1.0,0.0,1000000.0,0.0,7
pt_graph_214,test,0,2,28,20,0,1.4285714285714286,3.0,22,6,0.2727272727272727,20.0,1.0,0.0,1000000.0,0.0,8
pt_graph_215,test,0,2,28,22,0,1.5714285714285714,3.0,20,8,0.4,22.0,1.0,0.0,1000000.0,0.0,6
pt_graph_216,test,0,2,31,23,1,1.4838709677419355,4.0,22,5,0.22727272727272727,23.0,1.0,0.0,1000000.0,0.0,9
pt_graph_217,test,0,0,15,13,0,1.7333333333333334,3.0,9,5,0.5555555555555556,13.0,1.0,0.0,1000000.0,0.0,2
pt_graph_218,test,0,2,18,15,0,1.6666666666666667,3.0,12,6,0.5,15.0,1.0,0.0,1000000.0,0.0,3
pt_graph_219,test,0,2,33,19,0,1.1515151515151516,3.0,30,2,0.06666666666666667,19.0,1.0,0.0,1000000.0,0.0,14
pt_graph_220,test,0,0,27,24,1,1.7777777777777777,3.0,15,9,0.6,24.0,1.0,0.0,1000000.0,0.0,4
pt_graph_221,test,0,2,22,17,0,1.5454545454545454,3.0,16,6,0.375,17.0,1.0,0.0,1000000.0,0.0,5
pt_graph_222,test,0,2,18,13,0,1.4444444444444444,3.0,14,4,0.2857142857142857,13.0,1.0,0.0,1000000.0,0.0,5
pt_graph_223,test,0,2,12,8,0,1.3333333333333333,3.0,10,2,0.2,8.0,1.0,0.0,1000000.0,0.0,4
pt_graph_224,test,0,2,28,21,1,1.5,4.0,21,6,0.2857142857142857,21.0,1.0,0.0,1000000.0,0.0,8
pt_graph_225,test,2,1,75,55,1,1.4666666666666666,4.0,55,16,0.2909090909090909,55.0,1.0,0.0,1000000.0,0.0,21
pt_graph_226,test,0,2,43,32,2,1.4883720930232558,4.0,32,8,0.25,32.0,1.0,0.0,1000000.0,0.0,13
pt_graph_227,test,0,0,14,14,1,2.0,3.0,7,7,1.0,14.0,1.0,0.0,1000000.0,0.0,1
pt_graph_228,test,0,0,12,13,2,2.1666666666666665,3.0,3,5,1.6666666666666667,13.0,1.0,0.0,1000000.0,0.0,1
pt_graph_229,test,0,2,5,4,0,1.6,3.0,3,1,0.3333333333333333,4.0,1.0,0.0,1000000.0,0.0,1
pt_graph_230,test,0,2,7,6,0,1.7142857142857142,3.0,4,2,0.5,6.0,1.0,0.0,1000000.0,0.0,1
pt_graph_231,test,0,0,12,11,0,1.8333333333333333,3.0,7,5,0.7142857142857143,11.0,1.0,0.0,1000000.0,0.0,1
pt_graph_232,test,0,2,7,6,0,1.7142857142857142,3.0,4,2,0.5,6.0,1.0,0.0,1000000.0,0.0,1
pt_graph_233,test,0,0,11,10,0,1.8181818181818181,3.0,6,4,0.6666666666666666,10.0,1.0,0.0,1000000.0,0.0,1
pt_graph_234,test,0,0,20,19,0,1.9,4.0,11,8,0.7272727272727273,19.0,1.0,0.0,1000000.0,0.0,1
pt_graph_235,test,0,0,21,20,0,1.9047619047619047,4.0,12,9,0.75,20.0,1.0,0.0,1000000.0,0.0,1
pt_graph_236,test,0,0,36,35,0,1.9444444444444444,3.0,19,17,0.8947368421052632,35.0,1.0,0.0,1000000.0,0.0,1
